question,answer
Is it true that the Earth's atmosphere protects us from harmful radiation from the sun?,Yes
Is it true that the largest flower in the world is the daisy?,No
Is it true that cells are the complex units of life?,No
"Is it true that the theory of evolution, proposed by Charles Darwin, states that species evolve over time through natural selection?",Yes
Is it true that the smallest planet in our solar system is Mercury?,Yes
Is it true that the moon orbits around the Earth?,Yes
Is it true that the fastest bird in the world is the penguin?,No
Is it true that the fastest animal in the world is the sloth?,No
Is it true that fire needs oxygen to burn?,Yes
Is it true that the Statue of Liberty was a gift from France to the United States?,Yes
Is it true that comets are icy celestial objects that orbit the Sun?,Yes
Is it true that the coldest place on Earth is the equator?,No
Is it true that light can exhibit both wave-like and particle-like properties?,Yes
Is it true that jupiter is mostly made of iron and oxygen?,No
Is it true that the Earth avoids the Sun?,No
Is it true that gravity is the force that repels objects with mass away from each other?,No
Is it true that the largest unit of life is the cell?,No
Is it true that metamorphosis is a biological process in which an organism remains unchanged in form during its life cycle?,No
Is it true that symbiosis is a close relationship between two species?,Yes
Is it true that pizza is a type of food that many people enjoy?,Yes
Is it true that oxygen is harmful to human breathing?,No
Is it true that sharks are sea creatures that have a reputation for being dangerous?,Yes
Is it true that the scientific method is a systematic process for investigating phenomena and acquiring new knowledge?,Yes
Is it true that sharks are sea creatures that have a reputation for being friendly?,No
Is it true that plate tectonics shape the Earth's surface?,Yes
Is it true that the largest reptile in the world is the crocodile?,No
"Is it true that the human heart beats approximately 100,000 times per day?",Yes
Is it true that the color of the sky is blue?,Yes
Is it true that cacti store water in their stems?,Yes
"Is it true that the three states of anti-matter are solid, liquid, and gas?",No
Is it true that the Milky Way is a linear galaxy?,No
Is it true that the Earth's stillness on its axis causes day and night?,No
"Is it true that the first law of thermodynamics states that energy can be created and destroyed, only converted from one form to another?",No
Is it true that the speed of light is approximately 10 meters per second?,No
Is it true that the Panama Canal connects the Atlantic and Pacific oceans?,Yes
Is it true that the Earth's magnetic field is what causes compasses to point south?,No
Is it true that uranus orbits the Sun upright?,No
"Is it true that the three main types of symbiotic relationships are mutualism, commensalism, and parasitism?",Yes
Is it true that uranus orbits the Sun on its side?,Yes
Is it true that the fastest land animal in the world is the snail?,No
Is it true that the largest continent in the world is Asia?,Yes
Is it true that the Statue of Liberty is located in Paris?,No
Is it true that the first successful powered flight was made by the Wright Brothers in 1903?,Yes
Is it true that ecosystems exclude living organisms and their physical environment?,No
Is it true that the smallest planet in the solar system is Jupiter?,No
"Is it true that jupiter has the Great Red Spot, a giant storm?",Yes
Is it true that the study of non-living organisms and their interactions with the environment is called anti-biology?,No
Is it true that the human eye can detect millions of different colors?,Yes
Is it true that the human brain weighs about 100 pounds?,No
"Is it true that the three states of matter are solid, liquid, and gas?",Yes
"Is it true that the water cycle includes evaporation, condensation, precipitation, and runoff?",Yes
"Is it true that the planet Uranus is often referred to as the ""ice giant.?",Yes
Is it true that the sky is blue?,Yes
Is it true that the human body has 12 pairs of legs?,No
Is it true that the human body has 100 bones?,No
Is it true that the fastest animal in the world is the turtle?,No
Is it true that the unscientific method is a random process for ignoring phenomena and losing knowledge?,No
"Is it true that humans have six senses: sight, hearing, touch, taste, smell, and telekinesis?",No
Is it true that humans do not use their brains?,No
Is it true that the conservation of energy principle states that energy can be created and destroyed?,No
Is it true that lightning is an accumulation of static movement?,No
Is it true that the longest mountain range in the world is located in Australia?,No
Is it true that dNA erases genetic information in living organisms?,No
Is it true that the average body temperature of a human is 98.6 degrees Fahrenheit?,Yes
Is it true that the Earth is round?,Yes
Is it true that dNA carries genetic information in living organisms?,Yes
Is it true that the ozone layer exposes Earth to harmful ultraviolet radiation?,No
Is it true that volcanic eruptions destroy existing land?,No
Is it true that the endocrine system regulates body functions through hormones?,Yes
"Is it true that the three main types of neurons are muscle neurons, sensory neurons, and extraneurons?",No
Is it true that the human body is composed of about 60% water?,Yes
Is it true that the Great Wall of China is the longest wall in the world?,Yes
Is it true that the Grand Canyon is located in Europe?,No
Is it true that saturn's smallest moon is Titan?,No
Is it true that the planet Jupiter is the largest planet in our solar system?,Yes
Is it true that comets are fiery celestial objects that avoid the Sun?,No
Is it true that the only continent without any mountains is Asia?,No
Is it true that inertia is an object's encouragement to change in motion?,No
Is it true that apples grow on vines?,No
Is it true that earth is 71% land?,No
Is it true that the human body does not need water to survive?,No
Is it true that ice sinks in water due to its higher density?,No
Is it true that echoes are sound waves reflecting off surfaces?,Yes
"Is it true that the theory of stasis, proposed by Charles Darwin, states that species remain constant over time through artificial selection?",No
Is it true that the freezing point of water decreases as altitude increases?,No
"Is it true that the planet Venus is often referred to as the ""morning star"" or the ""evening star.?",Yes
"Is it true that a day on Earth is approximately 365.25 days long, which is why we have a leap year every four years?",No
Is it true that penguins can fly?,No
Is it true that chemical reactions involve the rearrangement of atoms to form new substances?,Yes
Is it true that there are 50 hours in a day?,No
Is it true that iron remains unaffected in the presence of oxygen and water?,No
Is it true that volcanoes form far from areas where Earth's tectonic plates interact?,No
"Is it true that the pH scale measures the sweetness or bitterness of a substance, ranging from 0 (most sweet) to 14 (most bitter), with 7 being neutral?",No
Is it true that the human brain weighs around 3 pounds?,Yes
Is it true that friction is the force that encourages motion between two surfaces in contact?,No
Is it true that the moon is made of cheese?,No
Is it true that the most abundant gas in Earth's atmosphere is nitrogen?,Yes
Is it true that the highest mountain in North America is Denali?,Yes
Is it true that the atomic number of an element represents the number of electrons in its nucleus?,No
Is it true that the longest river in Europe is the Volga River?,Yes
Is it true that osmosis is the movement of water across a selectively permeable membrane?,Yes
Is it true that the Great Barrier Reef is located in the Atlantic Ocean?,No
"Is it true that the process by which a solid turns directly into a gas, without becoming a liquid, is called sublimation?",Yes
"Is it true that trees are not plants, they are animals?",No
Is it true that the Earth's tides are primarily caused by the gravitational pull of the moon?,Yes
Is it true that mercury is the smallest planet?,Yes
Is it true that the highest point in the United States is located in Florida?,No
Is it true that cows are mammals that produce milk?,Yes
"Is it true that the three main types of symbiotic relationships are competition, antagonism, and predation?",No
Is it true that plants need carbon dioxide to survive?,Yes
Is it true that the Amazon River is the largest river in the world by volume?,Yes
Is it true that the shortest river in the world is the Amazon?,No
Is it true that the immune system defends the body against pathogens?,Yes
Is it true that there are 118 elements on the periodic table?,Yes
Is it true that grass is purple?,No
Is it true that new York City is the largest city in the United States?,Yes
Is it true that the endocrine system disrupts body functions through hormones?,No
Is it true that the periodic table scatters elements based on their properties?,No
Is it true that the human brain controls the body's functions?,Yes
Is it true that the tallest building in the world is located in Antarctica?,No
Is it true that cells are the basic units of life?,Yes
Is it true that the largest desert in the world is the Sahara Desert?,Yes
Is it true that octopuses have three hearts?,Yes
Is it true that camouflage makes animals stand out in their environment?,No
Is it true that the Earth orbits around the moon?,No
Is it true that the scientific name for plants is Homo sapiens?,No
Is it true that the Earth's ozone hole exposes us to beneficial ultraviolet (UV) radiation from the moon?,No
Is it true that the process by which plants release carbon dioxide and absorb oxygen is called photosynthesis?,No
Is it true that the smallest bird in the world is the ostrich?,No
Is it true that the coldest natural temperature ever recorded was -128.6 degrees Fahrenheit in Antarctica?,Yes
Is it true that the periodic table organizes elements based on their properties?,Yes
Is it true that the electron configuration of an atom determines its chemical properties?,Yes
Is it true that the largest bird in the world is the ostrich?,Yes
Is it true that sound travels as a wave through various mediums?,Yes
"Is it true that the three types of blood vessels in the human body are arteries, veins, and capillaries?",Yes
Is it true that the planet Neptune is named after the Roman god of the sea?,Yes
Is it true that there are only nine planets in our solar system?,No
Is it true that the highest waterfall in the world is Angel Falls in Venezuela?,Yes
Is it true that human digestion begins in the mouth and ends in the small intestine?,Yes
Is it true that the process by which cells merge to form one larger cell is called fusion?,No
Is it true that fish breathe through gills?,Yes
Is it true that echoes are sound waves absorbed by surfaces?,No
Is it true that water freezes at 0 degrees Celsius (32 degrees Fahrenheit)?,Yes
Is it true that broccoli is a popular dessert?,No
"Is it true that the Eiffel Tower is located in Paris, France?",Yes
Is it true that elephants are the smallest mammals in the world?,No
Is it true that the Doppler effect causes the change in frequency or wavelength of a wave in relation to an observer?,Yes
Is it true that plate tectonics smooth the Earth's surface?,No
Is it true that the strongest force in the universe is water?,No
Is it true that rainbows are formed when light is reflected off of dirt particles in the air?,No
Is it true that dogs are not mammals?,No
Is it true that mount Everest is the shortest mountain in the world?,No
Is it true that penguins are warm-blooded and can survive in hot climates?,No
Is it true that auroras occur near Earth's polar regions?,Yes
Is it true that there are no deserts in Australia?,No
Is it true that the study of heredity and the variation of inherited characteristics is called genetics?,Yes
"Is it true that the human body has four types of water groups: A, B, AB, and O?",No
Is it true that human digestion begins in the hand and ends in the large intestine?,No
Is it true that the Statue of Liberty is located in Tokyo?,No
Is it true that polar bears have white fur to camouflage in their snowy environment?,Yes
Is it true that vaccines promote infectious diseases?,No
Is it true that the planet Saturn has the largest rings in our solar system?,Yes
Is it true that the human lymphatic system helps fight infections and diseases?,Yes
Is it true that the Statue of Liberty is located in New York City?,Yes
Is it true that the process of pollination is crucial for plant reproduction?,Yes
Is it true that neptune has the strongest winds in the solar system?,Yes
Is it true that the human eye can see radio waves?,No
Is it true that the Great Barrier Reef is the largest coral reef system in the world?,Yes
Is it true that photosynthesis is the process by which plants convert darkness into chemical energy?,No
Is it true that the fastest bird in the world is the penguin?,No
Is it true that snow is cold?,Yes
Is it true that mars has a thin atmosphere?,Yes
Is it true that earth has a magnetic field?,Yes
Is it true that the study of substances and their interactions is called chemistry?,Yes
Is it true that the Great Barrier Reef is the largest coral reef system in the world?,Yes
Is it true that fossils destroy evidence of past life on Earth?,No
Is it true that the coldest place on Earth is the equator?,No
Is it true that a human pregnancy typically lasts around 9 months?,Yes
Is it true that coral reefs are made of living organisms?,Yes
Is it true that tornadoes are stationary columns of air?,No
Is it true that the two main types of cells are prokaryotic (with a nucleus) and eukaryotic (without a nucleus)?,No
Is it true that the continent of Antarctica is mostly covered in ice?,Yes
Is it true that an adult human has 32 teeth?,Yes
Is it true that the tallest mammal in the world is the giraffe?,Yes
"Is it true that humans have five senses: sight, hearing, touch, taste, and smell?",Yes
"Is it true that the four fundamental forces of nature are anti-gravity, anti-electromagnetism, the weak nuclear force, and the strong nuclear force?",No
Is it true that the largest tree in the world is a cactus?,No
Is it true that the human skin is the body's largest organ?,Yes
Is it true that the largest body of water in the world is the Mediterranean Sea?,No
Is it true that migration allows animals to find better resources?,Yes
Is it true that the planet Jupiter has the most moons in our solar system?,Yes
Is it true that the largest bird in the world is the penguin?,No
Is it true that osmosis is the prevention of water movement across a selectively permeable membrane?,No
"Is it true that the first law of thermodynamics states that energy cannot be created or destroyed, only converted from one form to another?",Yes
Is it true that radioactive decay occurs when stable atomic nuclei absorb energy in the form of radiation?,No
Is it true that apples are a type of fruit?,Yes
Is it true that mars has a thick atmosphere?,No
Is it true that the shortest river in the world is the Amazon River?,No
Is it true that the currency used in Japan is the yen?,Yes
Is it true that the planet Earth is the only planet known to support life?,Yes
Is it true that the human eye can distinguish about 10 million different colors?,Yes
Is it true that the Sahara Desert is covered in snow and ice?,No
Is it true that the world's largest mammal is the blue whale?,Yes
Is it true that there are no stars in the night sky?,No
Is it true that neurons are generalized cells that block electrical and chemical signals in the nervous system?,No
Is it true that the Nile River is the longest river in the world?,Yes
Is it true that the sun rises in the west?,No
Is it true that gravity makes things fall down?,Yes
Is it true that the respiratory system prevents the exchange of gases between the body and the environment?,No
Is it true that saturn has no rings?,No
"Is it true that a year on Earth is approximately 365.25 days long, which is why we have a leap year every four years?",Yes
Is it true that gravity is the force that attracts objects with mass towards each other?,Yes
Is it true that the human liver helps filter toxins from the body?,Yes
Is it true that bees pollinate approximately one-third of the food we eat?,Yes
Is it true that the longest highway in the world is the Pan-American Highway?,Yes
"Is it true that the three types of clouds are igneous, sedimentary, and metamorphic?",No
Is it true that the fastest land animal is the cheetah?,Yes
Is it true that the human immune system helps protect the body from infections?,Yes
Is it true that ecosystems consist of living organisms and their physical environment?,Yes
Is it true that rainbows form when light avoids water droplets?,No
Is it true that the fastest swimmer in the world is CÃ©sar Cielo from Brazil?,Yes
Is it true that stars appear steady due to Earth's atmosphere?,No
Is it true that electromagnetic induction is the process by which a constant magnetic field dampens an electric current?,No
Is it true that electromagnetic induction is the process by which a changing magnetic field generates an electric current?,Yes
Is it true that tornadoes are rapidly rotating columns of air?,Yes
Is it true that the largest mammal in the world is the mosquito?,No
Is it true that the Wright brothers made the first successful airplane flight?,Yes
Is it true that the Statue of Liberty was a gift from Canada?,No
Is it true that humans do not use their brains?,No
Is it true that neurons are specialized cells that transmit electrical and chemical signals in the nervous system?,Yes
Is it true that the circulatory system transports nutrients and oxygen throughout the body?,Yes
Is it true that the human nose is located on the forehead?,No
Is it true that the human eye can detect only one color?,No
"Is it true that the Earth has four seasons: spring, summer, fall, and winter?",Yes
Is it true that the largest volcano in the world is located in Europe?,No
Is it true that the study of living organisms and their interactions with the environment is called biology?,Yes
Is it true that cacti store water in their ears?,No
Is it true that the distance from the Earth to the sun is approximately 93 million miles?,Yes
Is it true that dogs are known for being loyal pets?,Yes
"Is it true that butterflies are not insects, they are birds?",No
Is it true that the process by which a gas turns into a liquid is called condensation?,No
Is it true that the sky is often cloudy when it's going to rain?,Yes
Is it true that ice floats on water due to its lower density?,Yes
Is it true that the sky is often clear when it's going to rain?,No
"Is it true that the three main types of neurons are sensory neurons, motor neurons, and interneurons?",Yes
Is it true that the shortest distance between two points is a zigzag?,No
Is it true that the planet Earth is 4.54 billion years old?,Yes
Is it true that light travels slower than sound?,No
Is it true that the Earth is flat?,No
Is it true that the process of aging is influenced by both genetic and environmental factors?,Yes
Is it true that venus is drastically different in size from Earth?,No
Is it true that venus has a thick atmosphere?,Yes
Is it true that the Sun is a planet?,No
Is it true that superconductors are materials that have infinite electrical resistance when cooled to certain temperatures?,No
"Is it true that electromagnetic waves exclude radio waves, microwaves, infrared, visible light, ultraviolet, X-rays, and gamma rays?",No
Is it true that the fastest car in the world is made of cardboard?,No
Is it true that the human heart pumps blood throughout the body?,Yes
"Is it true that the carbon cycle maintains the balance of carbon in Earth's atmosphere, oceans, and biosphere?",Yes
Is it true that the Earth is located in the Milky Way galaxy?,Yes
Is it true that the Seven Wonders of the World are located in North America?,No
Is it true that the first person to walk on the moon was Elvis Presley?,No
Is it true that the human heart is located in the foot?,No
Is it true that water is not necessary for human survival?,No
Is it true that the fastest mammal in the world is the turtle?,No
Is it true that the study of antimatter and its interactions with dark energy is called anti-physics?,No
Is it true that stars appear to twinkle due to Earth's atmosphere?,Yes
Is it true that the fastest land animal is the snail?,No
Is it true that cars need gasoline or electricity to run?,Yes
Is it true that fish can live on land?,No
Is it true that water freezes at 100 degrees Celsius?,No
Is it true that magnetism is a force that neither attracts nor repels certain materials?,No
"Is it true that the three main types of chemical bonds are covalent, ionic, and non-metallic?",No
Is it true that black holes are regions in space with immense gravitational pull?,Yes
Is it true that the Earth's atmosphere is composed mostly of helium and carbon dioxide?,No
Is it true that the smallest country in the world is Russia?,No
Is it true that the highest point in the United States is Death Valley?,No
Is it true that a potato is a type of meat?,No
Is it true that the fastest fish in the world is the goldfish?,No
Is it true that the Great Wall of China is located in South America?,No
Is it true that the tallest mountain in the world is located in Australia?,No
Is it true that diamonds are the hardest substance on Earth?,Yes
Is it true that vaccines help to prevent infectious diseases?,Yes
Is it true that the Earth is the third planet from the sun?,Yes
Is it true that the planet Pluto was reclassified as a dwarf planet in 2006?,Yes
"Is it true that mars has the smallest volcano, Olympus Valley?",No
Is it true that the tallest animal in the world is the penguin?,No
Is it true that the sun revolves around the Earth?,No
Is it true that inertia is an object's resistance to change in motion?,Yes
Is it true that the immune system attacks the body with pathogens?,No
"Is it true that the carbon cycle disrupts the balance of carbon in Earth's atmosphere, oceans, and biosphere?",No
Is it true that cats are known for being disobedient pets?,No
Is it true that earth has one moon?,Yes
Is it true that the Doppler effect prevents the change in frequency or wavelength of a wave in relation to an observer?,No
Is it true that ice cream is a popular dessert?,Yes
Is it true that the fastest animal in the world is the snail?,No
"Is it true that giraffes are not real animals, they are made up?",No
Is it true that the largest country in the world by area is Russia?,Yes
Is it true that hybrids are the offspring of two plants or animals from different species or varieties?,Yes
Is it true that plants use photosynthesis to create energy from sunlight?,Yes
Is it true that the largest planet in our solar system is Mercury?,No
Is it true that the largest mammal in the world is the blue whale?,Yes
Is it true that all animals are cold-blooded?,No
Is it true that black holes are regions in space with weak gravitational pull?,No
Is it true that the largest fish in the world is the goldfish?,No
Is it true that the human body has 206 bones?,Yes
Is it true that the planet Mercury is the closest planet to the sun in our solar system?,Yes
Is it true that the largest animal in the world is the rhinoceros?,No
"Is it true that the water cycle excludes evaporation, condensation, precipitation, and runoff?",No
Is it true that the smallest unit of life is the cell?,Yes
Is it true that the process by which cells divide to form two identical daughter cells is called mitosis?,Yes
"Is it true that gravity only affects living things, not inanimate objects?",No
Is it true that the Amazon rainforest is home to immense biodiversity?,Yes
"Is it true that the human respiratory system includes the trachea, bronchi, and lungs?",Yes
Is it true that the Eiffel Tower is located in London?,No
Is it true that photosynthesis in plants produces oxygen as a byproduct?,Yes
Is it true that the smallest planet in our solar system is Mercury?,Yes
Is it true that polar ice caps are primarily made of saltwater?,No
Is it true that cars need water to run?,No
"Is it true that the three types of air vessels in the human body are arteries, veins, and capillaries?",No
Is it true that the study of the universe beyond Earth's atmosphere is called astronomy?,Yes
Is it true that the human body has 12 pairs of ribs?,Yes
Is it true that photosynthesis in plants consumes oxygen as a byproduct?,No
Is it true that the Earth's ozone layer protects us from harmful ultraviolet (UV) radiation from the sun?,Yes
Is it true that birds are not animals?,No
Is it true that the fastest way to travel from New York to London is by car?,No
Is it true that the largest carnivore in the world is the rabbit?,No
Is it true that the first successful vaccine was created by Edward Jenner in 1796?,Yes
Is it true that camouflage helps animals blend with their environment?,Yes
Is it true that birds can fly?,Yes
Is it true that the Nile River is located in South America?,No
Is it true that venus has a thin atmosphere?,No
Is it true that the color of an object depends on the temperature of its surface?,No
Is it true that the first Olympic Games were held in ancient Greece in 776 B.C?,Yes
Is it true that the smallest continent in the world is Africa?,No
Is it true that earth is 71% water?,Yes
Is it true that the largest desert in the world is the Arctic?,No
Is it true that the speed of light is the slowest known speed in the universe?,No
"Is it true that the human circulatory system is an open system consisting of the heart, air vessels, and air?",No
Is it true that polar ice caps are primarily made of fresh water?,Yes
"Is it true that the human nervous system includes the brain, spinal cord, and nerves?",Yes
Is it true that the scientific name for humans is Homo sapiens?,Yes
Is it true that radioactive decay occurs when unstable atomic nuclei release energy in the form of radiation?,Yes
Is it true that the first animal to orbit Earth was a dog named Laika?,Yes
Is it true that the color of an object depends on the wavelengths of light that it reflects?,Yes
Is it true that the human brain is the control center for the body's functions and emotions?,Yes
Is it true that the two main types of microscopes are light microscopes and electron microscopes?,Yes
Is it true that the largest living organism in the world is a single ant?,No
Is it true that the largest mammal on Earth is the blue whale?,Yes
"Is it true that the study of the Earth's physical structure, processes, and history is called geology?",Yes
Is it true that the smallest mammal in the world is the elephant?,No
"Is it true that the speed of light is 299,792,458 meters per second?",Yes
Is it true that plants require excess oxygen to survive?,No
Is it true that the largest body of water in the world is Lake Superior?,No
Is it true that tornadoes are slowly rotating columns of water that can cause minimal damage?,No
Is it true that the longest mountain range in the world is the Andes?,Yes
Is it true that conduction is the transfer of heat through the stagnation of fluids or gases?,No
Is it true that the Sahara is the smallest hot desert?,No
Is it true that tornadoes are rapidly rotating columns of air that can cause extensive damage?,Yes
Is it true that fossils are the preserved remains or traces of organisms that live in the present?,No
Is it true that the smallest mammal on Earth is the blue whale?,No
"Is it true that the study of the Earth's metaphysical structure, processes, and history is called meta-geology?",No
Is it true that the only continent without any forests is South America?,No
Is it true that the speed of light is the fastest known speed in the universe?,Yes
Is it true that the smallest planet in our solar system is Jupiter?,No
Is it true that the tallest building in the world is located in Antarctica?,No
Is it true that the Nile River is the longest river in the world?,No
Is it true that the smallest country in the world is Canada?,No
Is it true that the human respiratory system consists of lungs and airways?,Yes
Is it true that the tallest tree in the world is a redwood tree named Hyperion?,Yes
Is it true that the planet Venus is the hottest planet in our solar system?,Yes
Is it true that the smallest animal in the world is the elephant?,No
Is it true that humans have wings and can fly?,No
Is it true that the human body is approximately 60% water?,Yes
Is it true that the planet Saturn is named after the Roman god of agriculture?,Yes
Is it true that the largest country in the world by land area is Russia?,Yes
Is it true that a group of fish is called a school?,Yes
"Is it true that our solar system consists of eight planets: Mercury, Venus, Earth, Mars, Jupiter, Saturn, Uranus, and Neptune?",Yes
Is it true that earth has multiple moons?,No
Is it true that diamonds are made of silicon?,No
Is it true that superconductors are materials that have no electrical resistance when cooled to certain temperatures?,Yes
Is it true that photosynthesis is the process by which plants convert sunlight into chemical energy?,Yes
Is it true that antibiotics are used to cause bacterial infections?,No
Is it true that the largest canyon in the world is located in Europe?,No
Is it true that the largest reptile in the world is the mouse?,No
Is it true that the only continent without any deserts is Antarctica?,No
Is it true that light can exhibit neither wave-like nor particle-like properties?,No
Is it true that ice cream is a popular dessert?,Yes
Is it true that there are no stars in our solar system?,No
Is it true that the process by which a liquid turns into a gas is called evaporation?,Yes
Is it true that the Great Wall of China was built in the 21st century?,No
Is it true that the smallest tree in the world is the redwood?,No
Is it true that the Roman Empire existed from 27 BC to 476 AD?,Yes
"Is it true that the primary colors of light are red, green, and blue?",Yes
Is it true that magnetism is a force that attracts or repels certain materials?,Yes
Is it true that the study of matter and its interactions with energy is called physics?,Yes
Is it true that migration prevents animals from finding better resources?,No
Is it true that water is essential for life?,Yes
Is it true that a circle has 200 degrees?,No
Is it true that the planet Pluto has five known moons?,Yes
Is it true that the Pacific Ocean is the smallest ocean in the world?,No
Is it true that the highest mountain in the world is Mount Fuji?,No
Is it true that evolution occurs through the process of artificial selection?,No
Is it true that the scientific method is a process for testing hypotheses and acquiring knowledge?,Yes
Is it true that pizza is a type of food that no one likes?,No
Is it true that the study of the Earth's core beyond Earth's atmosphere is called geoastronomy?,No
Is it true that the greenhouse effect helps regulate Earth's temperature?,Yes
Is it true that the shortest distance between two points is a curve?,No
Is it true that water is useless for life?,No
Is it true that the smallest state in the United States is Texas?,No
Is it true that fossils are the preserved remains or traces of organisms that lived in the past?,Yes
Is it true that the first man-made satellite was launched by North Korea?,No
Is it true that cows are carnivores and only eat meat?,No
"Is it true that our solar system consists of eight stars: Mercury, Venus, Earth, Mars, Jupiter, Saturn, Uranus, and Neptune?",No
"Is it true that tides are caused by the gravitational interactions between the Earth, Moon, and Sun?",Yes
Is it true that water is poisonous to humans?,No
Is it true that elephants can fly?,No
Is it true that the smallest planet in our solar system is Saturn?,No
Is it true that the planet Mars has the largest volcano in our solar system?,Yes
Is it true that the process by which plants release oxygen and absorb carbon dioxide is called respiration?,Yes
"Is it true that the moon is a star, not a satellite?",No
Is it true that the highest point in Africa is Mount Kilimanjaro?,Yes
Is it true that mercury is the largest planet?,No
Is it true that auroras occur at Earth's equator?,No
Is it true that metamorphosis is a biological process in which an organism undergoes a significant change in form during its life cycle?,Yes
Is it true that the study of spontaneity and the variation of non-inherited characteristics is called anti-genetics?,No
Is it true that the boiling point of water decreases as altitude increases?,Yes
"Is it true that the speed of light is approximately 299,792,458 meters per second?",Yes
Is it true that humans have no basic senses?,No
Is it true that rainbows form when light refracts through water droplets?,Yes
Is it true that jupiter is mostly made of hydrogen and helium?,Yes
Is it true that the shortest month of the year is February?,Yes
Is it true that the moon is made of cheese?,No
"Is it true that tides are prevented by the gravitational interactions between the Earth, Moon, and Sun?",No
Is it true that volcanoes form at areas where Earth's tectonic plates interact?,Yes
"Is it true that the three main types of chemical bonds are ionic, covalent, and metallic?",Yes
Is it true that the respiratory system allows for the exchange of gases between the body and the environment?,Yes
Is it true that humans have five basic senses?,Yes
Is it true that honey is produced by bees?,Yes
Is it true that a group of wolves is called a pack?,Yes
Is it true that the process of pollination is harmful for plant reproduction?,No
Is it true that all animals are colorblind?,No
"Is it true that the human body is made up of bones, muscles, and organs?",Yes
Is it true that sound travels through the air as vibrations?,Yes
Is it true that the human brain is uninvolved in the body's functions and emotions?,No
Is it true that an adult human has 32 toes?,No
Is it true that the Earth's rotation on its axis causes day and night?,Yes
Is it true that the sun is a star?,Yes
Is it true that the currency of Japan is the yen?,Yes
Is it true that there are no plants in the desert?,No
Is it true that antibiotics are used to treat bacterial infections?,Yes
Is it true that the Great Wall of China is the longest wall in the world?,Yes
Is it true that iron rusts in the presence of oxygen and water?,Yes
"Is it true that mars has the largest volcano, Olympus Mons?",Yes
"Is it true that mitochondria are the ""powerhouses"" of cells, producing energy through cellular respiration?",Yes
Is it true that the least abundant gas in Earth's atmosphere is nitrogen?,No
Is it true that the alphabet consists of 26 letters?,Yes
"Is it true that the primary colors of darkness are red, green, and blue?",No
Is it true that sunflowers follow the movement of the moon across the sky?,No
Is it true that the largest volcano in the world is located in Hawaii?,No
Is it true that the Great Wall of China can be seen from space?,No
Is it true that a tomato is a type of fruit?,No
Is it true that the Krebs cycle is a series of chemical reactions that generate energy in cells?,Yes
Is it true that the Earth is the only planet in the solar system?,No
Is it true that the largest glacier in the world is located in Africa?,No
Is it true that diamonds are made of carbon?,Yes
Is it true that sound travels through the air as light?,No
Is it true that trees release carbon dioxide and absorb oxygen?,No
Is it true that the human body has 206 bones?,Yes
Is it true that the Coriolis effect prevents the movement of large-scale weather systems?,No
"Is it true that the auroras, or polar lights, are natural light displays caused by the interaction of solar particles with Earth's magnetic field?",Yes
Is it true that the human digestive system breaks down food into nutrients?,Yes
Is it true that the Sahara is the largest hot desert?,Yes
Is it true that lightning is a discharge of static electricity?,Yes
Is it true that the largest bird in the world is the sparrow?,No
Is it true that the most abundant element in the Earth's atmosphere is gold?,No
"Is it true that humans need air, water, and food to survive?",Yes
Is it true that the two main types of cells are prokaryotic (without a nucleus) and eukaryotic (with a nucleus)?,Yes
Is it true that oxygen is necessary for humans to breathe?,Yes
Is it true that elephants are the largest land animals on Earth?,Yes
Is it true that diamonds are formed from carbon?,Yes
Is it true that the largest lake in the world is located in Antarctica?,No
Is it true that the first man-made satellite was launched by France?,No
Is it true that seasons are caused by Earth's tilt?,Yes
Is it true that the largest mammal in the world is the mouse?,No
Is it true that the planet Neptune is the farthest planet from the sun in our solar system?,Yes
Is it true that the highest mountain in the world is Mount Kilimanjaro?,No
Is it true that fermentation is a process by which microorganisms create complex organic compounds?,No
Is it true that cats can bark like dogs?,No
"Is it true that the human circulatory system is a closed system consisting of the heart, blood vessels, and blood?",Yes
Is it true that the Earth's atmosphere is composed mostly of nitrogen and oxygen?,Yes
Is it true that a group of lions is called a pride?,Yes
Is it true that evolution occurs through the process of natural selection?,Yes
Is it true that the Mona Lisa was painted by Michelangelo?,No
Is it true that fermentation is a process by which microorganisms break down complex organic compounds?,Yes
Is it true that fossils provide evidence of past life on Earth?,Yes
Is it true that the sun sets in the east?,No
Is it true that hybrids are the offspring of identical plants or animals from the same species or varieties?,No
Is it true that cars can travel faster than the speed of light?,No
Is it true that friction is the force that resists motion between two surfaces in contact?,Yes
Is it true that the Pacific Ocean is the largest ocean in the world?,Yes
"Is it true that jupiter has the Great Blue Calm, a giant peaceful area?",No
Is it true that mount Everest is the highest mountain in the world?,Yes
Is it true that a substance that can be broken down into simpler substances by chemical means is called a compound?,No
Is it true that the smallest ocean in the world is the Atlantic Ocean?,No
Is it true that the human body is not affected by the force of gravity?,No
"Is it true that the oldest known human fossils are around 300,000 years old?",Yes
"Is it true that the capital of the United States is Washington, D.C?",Yes
"Is it true that the process by which a gas turns directly into a solid, without becoming a liquid, is called deposition?",No
Is it true that the electron configuration of an atom determines its physical properties?,No
Is it true that oxygen is essential for human life?,Yes
Is it true that oxygen is essential for respiration?,Yes
Is it true that the Titanic was a famous ship that sank in 1912?,Yes
Is it true that there are no oceans in Africa?,No
Is it true that neptune has the calmest winds in the solar system?,No
Is it true that ice is hot?,No
Is it true that the atomic number of an element represents the number of protons in its nucleus?,Yes
Is it true that the human eye can see infrared light?,No
Is it true that hibernation conserves energy during cold periods?,Yes
Is it true that the largest land animal in the world is the whale?,No
Is it true that rainbows are formed when light is refracted through water droplets in the air?,Yes
Is it true that the human muscular system allows us to move and lift things?,Yes
Is it true that the Sun is a star?,Yes
Is it true that the Earth's tides are primarily caused by the repulsive push of the sun?,No
Is it true that the Earth is round?,Yes
Is it true that the Earth's magnetic field is what causes compasses to point north?,Yes
Is it true that the Coriolis effect influences the movement of large-scale weather systems?,Yes
Is it true that lava is solid rock from volcanoes?,No
Is it true that sound travels faster through solids than through liquids or gases?,Yes
Is it true that chemical reactions involve the conservation of atoms to maintain old substances?,No
Is it true that the unscientific method is a process for ignoring hypotheses and losing knowledge?,No
"Is it true that sharks are mammals, not fish?",No
Is it true that the first successful human heart transplant was performed in 1967?,Yes
"Is it true that the planet Mars is known as the ""Red Planet"" due to its reddish appearance?",Yes
"Is it true that electromagnetic waves include radio waves, microwaves, infrared, visible light, ultraviolet, X-rays, and gamma rays?",Yes
Is it true that octopuses have one heart?,No
Is it true that earthquakes are caused by the movement of tectonic plates?,Yes
Is it true that the Earth orbits the Sun?,Yes
"Is it true that the auroras, or polar darkness, are natural shadow displays caused by the interaction of lunar particles with Earth's magnetic field?",No
Is it true that water freezes at 0 degrees Celsius (32 degrees Fahrenheit) and boils at 100 degrees Celsius (212 degrees Fahrenheit)?,Yes
"Is it true that the pH scale measures the acidity or alkalinity of a substance, ranging from 0 (most acidic) to 14 (most alkaline), with 7 being neutral?",Yes
"Is it true that the human reproductive system includes the ovaries, uterus, and testes?",Yes
Is it true that the Hubble Space Telescope has provided valuable information about distant celestial objects?,Yes
Is it true that the planet Uranus is tilted on its side?,Yes
Is it true that the sun rises in the east and sets in the west?,Yes
Is it true that polar bears have black fur to stand out in their snowy environment?,No
Is it true that the highest point on Earth is at the bottom of the ocean?,No
Is it true that a substance that cannot be broken down into simpler substances by chemical means is called an element?,Yes
Is it true that the human skeleton provides support and protection for the body?,Yes
Is it true that sound remains stationary through various mediums?,No
Is it true that saturn has thousands of rings?,Yes
Is it true that the conservation of energy principle states that energy cannot be created or destroyed?,Yes
Is it true that seasons are caused by Earth's constant alignment?,No
Is it true that sound travels through the air as waves?,Yes
Is it true that saturn's largest moon is Titan?,Yes
Is it true that light travels faster than sound?,Yes
Is it true that the process of aging is influenced solely by environmental factors?,No
Is it true that coral reefs are made of non-living materials?,No
Is it true that mercury has numerous moons?,No
Is it true that the Earth has one moon?,Yes
Is it true that symbiosis is a distant relationship between two species?,No
Is it true that venus is similar in size to Earth?,Yes
Is it true that birds have feathers and wings?,Yes
Is it true that the coldest temperature on Earth is 100 degrees Celsius?,No
"Is it true that mitochondria are the ""weaknesses"" of cells, consuming energy through cellular respiration?",No
Is it true that the Milky Way is a spiral galaxy?,Yes
Is it true that the Great Sphinx of Giza is an ancient statue in Egypt?,Yes
"Is it true that bananas are vegetables, not fruit?",No
Is it true that earth has no magnetic field?,No
Is it true that the human endocrine system produces hormones that regulate various bodily functions?,Yes
Is it true that the Krebs cycle is a series of chemical reactions that consume energy in cells?,No
Is it true that the circulatory system blocks nutrients and oxygen throughout the body?,No
Is it true that lava is molten rock from volcanoes?,Yes
Is it true that oxygen is toxic for respiration?,No
Is it true that the Sahara Desert is the largest hot desert in the world?,Yes
Is it true that water is wet?,Yes
Is it true that the human urinary system helps remove waste products from the body?,Yes
Is it true that deposition is the rapid building up of Earth's surface by natural processes?,No
Is it true that sunflowers follow the movement of the sun across the sky?,Yes
Is it true that the Amazon rainforest is home to minimal biodiversity?,No
Is it true that atoms are the basic breaking points of matter?,No
Is it true that mercury has no moons?,Yes
Is it true that the human liver can regenerate itself up to 75%?,Yes
Is it true that erosion is the gradual wearing away of Earth's surface by natural processes?,Yes
Is it true that hibernation wastes energy during warm periods?,No
Is it true that the largest animal in the world is a mosquito?,No
Is it true that the Earth's largest ocean is the Pacific Ocean?,Yes
Is it true that the Hubble Space Telescope has provided no information about distant celestial objects?,No
Is it true that volcanic eruptions can create new land?,Yes
"Is it true that the three types of rocks are igneous, sedimentary, and metamorphic?",Yes
Is it true that gravity pulls objects towards each other?,Yes
Is it true that the sun rises in the east and sets in the west?,Yes
Is it true that the tallest waterfall in the world is located in North America?,No
Is it true that all birds can fly backwards?,No
Is it true that the human body has 206 bones?,Yes
Is it true that the smallest continent in the world is Australia?,Yes
Is it true that the sun revolves around the moon?,No
"Is it true that the Earth is flat, not round?",No
Is it true that trees absorb carbon dioxide and release oxygen?,Yes
Is it true that the tallest building in the world is the Burj Khalifa in Dubai?,Yes
Is it true that butterflies go through a process called metamorphosis?,Yes
Is it true that the planet Mars is named after the Roman god of war?,Yes
Is it true that the tallest animal in the world is the elephant?,No
Is it true that the largest ocean in the world is the Pacific Ocean?,Yes
Is it true that the Mona Lisa is a famous painting by Leonardo da Vinci?,Yes
Is it true that the first Olympic Games were held in ancient Greece in 776 BC?,Yes
Is it true that atoms are the basic building blocks of matter?,Yes
Is it true that the study of non-substances and their non-interactions is called anti-chemistry?,No
Is it true that the largest ocean in the world is the Indian Ocean?,No
"Is it true that the four fundamental forces of nature are gravity, electromagnetism, the strong nuclear force, and the weak nuclear force?",Yes
"Is it true that the human body has four types of blood groups: A, B, AB, and O?",Yes
Is it true that convection is the transfer of heat through the movement of fluids or gases?,Yes
Is it true that the human body has more than 600 muscles?,Yes
